<?xml version="1.0" encoding="UTF-8"?>
<!DOCTYPE hibernate-configuration PUBLIC
	"-//Hibernate/Hibernate Configuration DTD 3.0//EN"
	"http://www.hibernate.org/dtd/hibernate-configuration-3.0.dtd">
<hibernate-configuration>
	<session-factory>
		<!-- 链接数据库的基本参数 -->
		<property name="hibernate.connection.driver_class">com.mysql.jdbc.Driver</property>
		<property name="hibernate.connection.url">jdbc:mysql:///user</property>
		<property name="hibernate.connection.username">root</property>
		<property name="hibernate.connection.password">root</property>
		<property name="hibernate.dialect">org.hibernate.dialect.MySQLDialect</property>
		<!-- 打印sql -->
		<property name="hibernate.show_sql">true</property>
		<!-- 格式化sql -->
		<property name="hibernate.format_sql">true</property>
		
		<!-- 配置C3P0连接池 -->
		<property name="connection.provider_class">org.hibernate.connection.C3P0ConnectionProvider</property>
		<!--在连接池中可用的数据库连接的最少数目 -->
		<property name="c3p0.min_size">5</property>
		<!--在连接池中所有数据库连接的最大数目  -->
		<property name="c3p0.max_size">20</property>
		<!--设定数据库连接的过期时间,以秒为单位,
		如果连接池中的某个数据库连接处于空闲状态的时间超过了timeout时间,就会从连接池中清除 -->
		<property name="c3p0.timeout">120</property>
		 <!--每3000秒检查所有连接池中的空闲连接 以秒为单位-->
		<property name="c3p0.idle_test_period">3000</property>
		<mapping resource="com/aioe/customer/Customers.hbm.xml"/>
		
	</session-factory>
	
</hibernate-configuration>